keyword,intent,est_volume,opportunity,cluster
best invoicing software for freelancers,BUY,High,92,Tools
invoicing software for small business,BUY,High,88,Tools
freshbooks alternative,COMPARE,Medium,85,Comparisons
quickbooks alternative for freelancers,COMPARE,Medium,84,Comparisons
best invoicing app for contractors,BUY,Medium,83,Tools
recurring invoice software,BUY,Medium,81,Tools
how to invoice as a freelancer,LEARN,Medium,78,Getting paid
how to get clients to pay faster,LEARN,Medium,76,Getting paid
automatic payment reminders,BUY,Low,74,Getting paid
free invoice template,LEARN,High,71,Templates
invoice payment terms explained,LEARN,Low,68,Basics
invoice vs receipt,LEARN,Medium,64,Basics
